,contractSymbol,strike,lastPrice,bid,ask,impliedVolatility,expirationDate,dte,midpt
0,MSFT210115C00050000,50.0,168.05,168.05,168.25,4.484379394531249,2021-01-16,4,168.15
1,MSFT210115C00055000,55.0,168.35,163.05,163.25,4.20312974609375,2021-01-16,4,163.15
2,MSFT210115C00060000,60.0,157.18,158.05,158.25,3.93750015625,2021-01-16,4,158.15
3,MSFT210115C00065000,65.0,160.44,152.5,153.75,5.101566123046874,2021-01-16,4,153.125
4,MSFT210115C00070000,70.0,148.13,147.7,148.55,4.484379394531249,2021-01-16,4,148.125
5,MSFT210115C00075000,75.0,141.5,142.35,143.85,4.6562541796875,2021-01-16,4,143.1
6,MSFT210115C00080000,80.0,139.73,137.55,138.7,4.210942236328124,2021-01-16,4,138.125
7,MSFT210115C00085000,85.0,133.45,132.35,133.7,3.9746094384765627,2021-01-16,4,133.02499999999998
8,MSFT210115C00090000,90.0,129.35,127.55,128.65,3.6894539013671874,2021-01-16,4,128.1
9,MSFT210115C00092500,92.5,125.41,125.0,126.3,3.755859985351563,2021-01-16,4,125.65
10,MSFT210115C00095000,95.0,130.15,122.6,123.65,3.4824231689453127,2021-01-16,4,123.125
11,MSFT210115C00097500,97.5,127.55,120.05,121.2,3.4414076464843752,2021-01-16,4,120.625
12,MSFT210115C00100000,100.0,117.65,117.95,118.8,2.863284091796875,2021-01-16,4,118.375
13,MSFT210115C00105000,105.0,113.36,112.5,113.75,3.201173872070312,2021-01-16,4,113.125
14,MSFT210115C00110000,110.0,107.48,107.4,108.9,3.1464865087890628,2021-01-16,4,108.15
15,MSFT210115C00115000,115.0,103.4,102.4,103.85,2.925783935546875,2021-01-16,4,103.125
16,MSFT210115C00120000,120.0,97.2,97.35,98.9,2.7900420874023437,2021-01-16,4,98.125
17,MSFT210115C00125000,125.0,93.0,92.45,93.75,2.5117224707031247,2021-01-16,4,93.1
18,MSFT210115C00130000,130.0,88.45,87.5,88.8,2.3925821435546872,2021-01-16,4,88.15
19,MSFT210115C00135000,135.0,82.05,82.6,83.75,2.2060591723632808,2021-01-16,4,83.175
20,MSFT210115C00140000,140.0,78.4,77.6,78.6,1.9492190039062502,2021-01-16,4,78.1
21,MSFT210115C00145000,145.0,73.21,72.5,73.85,1.9794922900390626,2021-01-16,4,73.175
22,MSFT210115C00150000,150.0,68.81,67.65,68.7,1.7509778076171876,2021-01-16,4,68.17500000000001
23,MSFT210115C00155000,155.0,62.2,62.55,63.4,1.3886749316406248,2021-01-16,4,62.974999999999994
24,MSFT210115C00160000,160.0,58.12,57.45,58.3,1.1484417578125,2021-01-16,4,57.875
25,MSFT210115C00165000,165.0,52.4,52.35,53.95,1.48047134765625,2021-01-16,4,53.150000000000006
26,MSFT210115C00170000,170.0,48.01,47.35,48.9,1.3300814746093748,2021-01-16,4,48.125
27,MSFT210115C00175000,175.0,43.56,42.4,43.4,0.948242705078125,2021-01-16,4,42.9
28,MSFT210115C00180000,180.0,38.54,37.5,39.0,0.6796907031250001,2021-01-16,4,38.25
29,MSFT210115C00185000,185.0,33.16,32.2,34.3,0.5918009570312501,2021-01-16,4,33.25
30,MSFT210115C00190000,190.0,28.19,27.35,28.5,0.6894562304687502,2021-01-16,4,27.925
31,MSFT210115C00195000,195.0,23.14,22.65,23.5,0.5820354296875,2021-01-16,4,23.075
32,MSFT210115C00197500,197.5,21.4,19.65,21.95,0.7648949291992189,2021-01-16,4,20.799999999999997
33,MSFT210115C00200000,200.0,18.31,17.45,18.95,0.5961954443359375,2021-01-16,4,18.2
34,MSFT210115C00202500,202.5,15.7,14.75,16.95,0.6269568554687501,2021-01-16,4,15.85
35,MSFT210115C00205000,205.0,13.36,13.2,13.55,0.3794007373046875,2021-01-16,4,13.375
36,MSFT210115C00207500,207.5,10.09,9.8,12.25,0.5278367529296876,2021-01-16,4,11.025
37,MSFT210115C00210000,210.0,8.83,8.45,8.65,0.2841868457031249,2021-01-16,4,8.55
38,MSFT210115C00212500,212.5,6.57,6.25,6.45,0.266608896484375,2021-01-16,4,6.35
39,MSFT210115C00215000,215.0,4.43,4.35,4.4,0.24414818359375,2021-01-16,4,4.375
40,MSFT210115C00217500,217.5,2.72,2.74,2.83,0.2417068017578125,2021-01-16,4,2.785
41,MSFT210115C00220000,220.0,1.62,1.61,1.65,0.23853300537109373,2021-01-16,4,1.63
42,MSFT210115C00222500,222.5,0.88,0.88,0.9,0.24073024902343748,2021-01-16,4,0.89
43,MSFT210115C00225000,225.0,0.46,0.46,0.47,0.2461012890625,2021-01-16,4,0.46499999999999997
44,MSFT210115C00227500,227.5,0.24,0.24,0.26,0.25879647460937505,2021-01-16,4,0.25
45,MSFT210115C00230000,230.0,0.14,0.13,0.14,0.2695385546875,2021-01-16,4,0.135
46,MSFT210115C00232500,232.5,0.08,0.08,0.09,0.2890696093749999,2021-01-16,4,0.08499999999999999
47,MSFT210115C00235000,235.0,0.05,0.05,0.06,0.3086006640625,2021-01-16,4,0.055
48,MSFT210115C00237500,237.5,0.04,0.03,0.04,0.32617861328125,2021-01-16,4,0.035
49,MSFT210115C00240000,240.0,0.02,0.02,0.03,0.34766277343749996,2021-01-16,4,0.025
50,MSFT210115C00242500,242.5,0.02,0.02,0.03,0.3789124609375,2021-01-16,4,0.025
51,MSFT210115C00245000,245.0,0.01,0.01,0.02,0.39063109375,2021-01-16,4,0.015
52,MSFT210115C00250000,250.0,0.02,0.01,0.02,0.45313046875,2021-01-16,4,0.015
53,MSFT210115C00255000,255.0,0.01,0.01,0.02,0.507817421875,2021-01-16,4,0.015
54,MSFT210115C00260000,260.0,0.01,0.0,0.01,0.500005,2021-01-16,4,0.005
55,MSFT210115C00265000,265.0,0.02,0.0,0.02,0.57812921875,2021-01-16,4,0.01
56,MSFT210115C00270000,270.0,0.01,0.0,0.01,0.5937540625000001,2021-01-16,4,0.005
57,MSFT210115C00275000,275.0,0.05,0.0,0.01,0.64062859375,2021-01-16,4,0.005
58,MSFT210115C00280000,280.0,0.01,0.0,0.01,0.6875031250000001,2021-01-16,4,0.005
59,MSFT210115C00285000,285.0,0.01,0.0,0.01,0.7187528125,2021-01-16,4,0.005
60,MSFT210115C00290000,290.0,0.01,0.0,0.01,0.7812521875,2021-01-16,4,0.005
61,MSFT210115C00295000,295.0,0.01,0.0,0.01,0.8125018749999999,2021-01-16,4,0.005
62,MSFT210115C00300000,300.0,0.01,0.0,0.01,0.8437515624999999,2021-01-16,4,0.005
63,MSFT210115C00305000,305.0,0.04,0.0,0.01,0.9062509375,2021-01-16,4,0.005
64,MSFT210115C00310000,310.0,0.01,0.0,0.01,0.937500625,2021-01-16,4,0.005
65,MSFT210115C00315000,315.0,0.02,0.0,0.01,0.9687503125,2021-01-16,4,0.005
66,MSFT210115C00320000,320.0,0.03,0.0,0.01,1.000005,2021-01-16,4,0.005
67,MSFT210115C00325000,325.0,0.01,0.0,0.01,1.0312548437500002,2021-01-16,4,0.005
68,MSFT210122C00177500,177.5,40.9,38.55,42.3,0.9030771411132812,2021-01-23,11,40.425
69,MSFT210122C00180000,180.0,38.7,38.15,38.5,0.5039112109375,2021-01-23,11,38.325
70,MSFT210122C00182500,182.5,30.4,35.55,36.05,0.5664105859375,2021-01-23,11,35.8
71,MSFT210122C00185000,185.0,33.23,33.2,33.55,0.5302781347656251,2021-01-23,11,33.375
72,MSFT210122C00187500,187.5,36.69,30.55,31.3,0.5556685058593751,2021-01-23,11,30.925
73,MSFT210122C00190000,190.0,29.85,28.15,28.65,0.48438015625,2021-01-23,11,28.4
74,MSFT210122C00192500,192.5,26.2,25.75,26.05,0.42383388671875,2021-01-23,11,25.9
75,MSFT210122C00195000,195.0,23.5,21.5,25.45,0.6535679174804689,2021-01-23,11,23.475
76,MSFT210122C00197500,197.5,21.47,19.75,22.2,0.5236864038085938,2021-01-23,11,20.975
77,MSFT210122C00200000,200.0,18.0,18.3,18.95,0.38477177734374995,2021-01-23,11,18.625
78,MSFT210122C00202500,202.5,16.55,16.0,16.4,0.33740896972656254,2021-01-23,11,16.2
79,MSFT210122C00205000,205.0,13.9,13.55,13.95,0.30274134765625,2021-01-23,11,13.75
80,MSFT210122C00207500,207.5,12.0,11.45,11.95,0.3127510131835937,2021-01-23,11,11.7
81,MSFT210122C00210000,210.0,9.62,9.3,9.7,0.2866282275390625,2021-01-23,11,9.5
82,MSFT210122C00212500,212.5,7.35,7.2,7.55,0.26148199462890626,2021-01-23,11,7.375
83,MSFT210122C00215000,215.0,5.65,5.6,5.75,0.25135026000976557,2021-01-23,11,5.675
84,MSFT210122C00217500,217.5,4.15,4.1,4.2,0.24329369995117187,2021-01-23,11,4.15
85,MSFT210122C00220000,220.0,2.97,2.95,2.96,0.23902128173828124,2021-01-23,11,2.955
86,MSFT210122C00222500,222.5,2.03,1.98,2.04,0.2387771435546875,2021-01-23,11,2.01
87,MSFT210122C00225000,225.0,1.31,1.31,1.37,0.2401199035644531,2021-01-23,11,1.34
88,MSFT210122C00227500,227.5,0.85,0.86,0.9,0.24243921630859372,2021-01-23,11,0.88
89,MSFT210122C00230000,230.0,0.59,0.58,0.59,0.24658956542968752,2021-01-23,11,0.585
90,MSFT210122C00232500,232.5,0.4,0.37,0.41,0.2556226782226563,2021-01-23,11,0.39
91,MSFT210122C00235000,235.0,0.29,0.26,0.29,0.2651440673828125,2021-01-23,11,0.275
92,MSFT210122C00237500,237.5,0.2,0.2,0.21,0.27539787109374997,2021-01-23,11,0.20500000000000002
93,MSFT210122C00240000,240.0,0.17,0.14,0.18,0.29395237304687494,2021-01-23,11,0.16
94,MSFT210122C00242500,242.5,0.13,0.12,0.14,0.305671005859375,2021-01-23,11,0.13
95,MSFT210122C00245000,245.0,0.1,0.1,0.11,0.317389638671875,2021-01-23,11,0.10500000000000001
96,MSFT210122C00247500,247.5,0.1,0.09,0.11,0.340826904296875,2021-01-23,11,0.1
97,MSFT210122C00250000,250.0,0.08,0.07,0.11,0.3632876171875,2021-01-23,11,0.09
98,MSFT210122C00252500,252.5,0.08,0.08,0.09,0.37500625,2021-01-23,11,0.08499999999999999
99,MSFT210122C00255000,255.0,0.06,0.05,0.09,0.39649041015625003,2021-01-23,11,0.07
100,MSFT210122C00257500,257.5,0.06,0.05,0.08,0.4101621484375,2021-01-23,11,0.065
101,MSFT210129C00177500,177.5,36.2,40.8,41.2,0.5444381494140625,2021-01-30,18,41.0
102,MSFT210129C00180000,180.0,39.0,38.25,38.9,0.55273884765625,2021-01-30,18,38.575
103,MSFT210129C00182500,182.5,35.5,35.7,36.5,0.5376022802734376,2021-01-30,18,36.1
104,MSFT210129C00185000,185.0,35.75,33.55,33.85,0.4809622216796875,2021-01-30,18,33.7
105,MSFT210129C00187500,187.5,26.85,30.85,31.65,0.4939015454101563,2021-01-30,18,31.25
106,MSFT210129C00190000,190.0,28.45,28.7,29.05,0.44751529052734373,2021-01-30,18,28.875
107,MSFT210129C00192500,192.5,24.5,26.1,26.8,0.445318046875,2021-01-30,18,26.450000000000003
108,MSFT210129C00195000,195.0,25.75,23.7,24.4,0.42212491943359376,2021-01-30,18,24.049999999999997
109,MSFT210129C00197500,197.5,20.67,19.7,22.0,0.39722282470703124,2021-01-30,18,20.85
110,MSFT210129C00200000,200.0,19.1,19.15,19.65,0.37525038818359374,2021-01-30,18,19.4
111,MSFT210129C00202500,202.5,16.49,16.95,17.6,0.3745179736328125,2021-01-30,18,17.275
112,MSFT210129C00205000,205.0,15.5,14.95,15.3,0.34961587890624996,2021-01-30,18,15.125
113,MSFT210129C00207500,207.5,13.01,12.85,13.25,0.33814138427734375,2021-01-30,18,13.05
114,MSFT210129C00210000,210.0,11.4,11.05,11.35,0.32996275512695306,2021-01-30,18,11.2
115,MSFT210129C00212500,212.5,9.35,9.4,9.55,0.32080757324218745,2021-01-30,18,9.475000000000001
116,MSFT210129C00215000,215.0,7.85,7.85,8.0,0.3177558459472656,2021-01-30,18,7.925
117,MSFT210129C00217500,217.5,6.47,6.45,6.55,0.31214066772460936,2021-01-30,18,6.5
118,MSFT210129C00220000,220.0,5.2,5.2,5.3,0.3086006640625,2021-01-30,18,5.25
119,MSFT210129C00222500,222.5,4.15,4.15,4.25,0.30713583496093744,2021-01-30,18,4.2
120,MSFT210129C00225000,225.0,3.3,3.25,3.3,0.30261927856445314,2021-01-30,18,3.275
121,MSFT210129C00227500,227.5,2.53,2.48,2.61,0.30445031494140623,2021-01-30,18,2.545
122,MSFT210129C00230000,230.0,1.95,1.91,2.0,0.3034737622070312,2021-01-30,18,1.955
123,MSFT210129C00232500,232.5,1.49,1.45,1.54,0.30493859130859374,2021-01-30,18,1.495
124,MSFT210129C00235000,235.0,1.13,1.1,1.17,0.3061592822265625,2021-01-30,18,1.135
125,MSFT210129C00237500,237.5,0.89,0.84,0.91,0.3103096313476562,2021-01-30,18,0.875
126,MSFT210129C00240000,240.0,0.67,0.65,0.71,0.3149482568359374,2021-01-30,18,0.6799999999999999
127,MSFT210129C00242500,242.5,0.57,0.5,0.56,0.3205634350585937,2021-01-30,18,0.53
128,MSFT210129C00245000,245.0,0.43,0.4,0.45,0.327155166015625,2021-01-30,18,0.42500000000000004
129,MSFT210129C00247500,247.5,0.37,0.32,0.37,0.3354558642578125,2021-01-30,18,0.345
130,MSFT210129C00250000,250.0,0.29,0.28,0.32,0.3461979443359374,2021-01-30,18,0.30000000000000004
131,MSFT210129C00252500,252.5,0.26,0.21,0.26,0.352545537109375,2021-01-30,18,0.235
132,MSFT210129C00255000,255.0,0.19,0.18,0.24,0.3667055517578125,2021-01-30,18,0.21
133,MSFT210129C00257500,257.5,0.19,0.17,0.2,0.37354142089843745,2021-01-30,18,0.185
134,MSFT210205C00180000,180.0,39.55,37.55,39.1,0.5009815527343751,2021-02-06,25,38.325
135,MSFT210205C00185000,185.0,33.47,33.6,34.25,0.4622856506347657,2021-02-06,25,33.925
136,MSFT210205C00187500,187.5,30.55,31.15,33.2,0.5634809277343751,2021-02-06,25,32.175
137,MSFT210205C00190000,190.0,29.35,27.35,29.5,0.42969320312500003,2021-02-06,25,28.425
138,MSFT210205C00195000,195.0,25.62,24.2,24.8,0.3947814428710938,2021-02-06,25,24.5
139,MSFT210205C00197500,197.5,22.75,20.3,23.45,0.44360907958984375,2021-02-06,25,21.875
140,MSFT210205C00200000,200.0,21.14,19.95,20.4,0.3734193518066406,2021-02-06,25,20.174999999999997
141,MSFT210205C00202500,202.5,15.0,15.85,18.35,0.36694968994140625,2021-02-06,25,17.1
142,MSFT210205C00205000,205.0,15.15,15.75,16.0,0.33960621337890623,2021-02-06,25,15.875
143,MSFT210205C00207500,207.5,13.7,13.85,14.05,0.3315496533203125,2021-02-06,25,13.95
144,MSFT210205C00210000,210.0,12.56,12.1,12.3,0.3286199951171874,2021-02-06,25,12.2
145,MSFT210205C00212500,212.5,10.6,10.4,10.6,0.32263860961914054,2021-02-06,25,10.5
146,MSFT210205C00215000,215.0,9.05,8.9,9.05,0.31799998413085934,2021-02-06,25,8.975000000000001
147,MSFT210205C00217500,217.5,7.65,7.45,7.6,0.31214066772460936,2021-02-06,25,7.525
148,MSFT210205C00220000,220.0,6.28,6.2,6.35,0.3090889404296875,2021-02-06,25,6.275
149,MSFT210205C00222500,222.5,5.21,5.1,5.25,0.30664755859375,2021-02-06,25,5.175
150,MSFT210205C00225000,225.0,4.25,4.2,4.35,0.30713583496093744,2021-02-06,25,4.275
151,MSFT210205C00227500,227.5,3.5,3.35,3.5,0.30408410766601557,2021-02-06,25,3.425
152,MSFT210205C00230000,230.0,2.83,2.75,2.83,0.3039620385742187,2021-02-06,25,2.79
153,MSFT210205C00232500,232.5,2.23,2.2,2.3,0.3057930749511719,2021-02-06,25,2.25
154,MSFT210205C00235000,235.0,1.82,1.75,1.85,0.30725790405273434,2021-02-06,25,1.8
155,MSFT210205C00237500,237.5,1.44,1.39,1.49,0.30933307861328124,2021-02-06,25,1.44
156,MSFT210205C00240000,240.0,1.14,1.11,1.18,0.3104317004394531,2021-02-06,25,1.145
157,MSFT210205C00242500,242.5,0.89,0.88,0.96,0.31445998046874996,2021-02-06,25,0.9199999999999999
158,MSFT210205C00245000,245.0,0.77,0.7,0.79,0.3193427441406249,2021-02-06,25,0.745
159,MSFT210205C00247500,247.5,0.63,0.57,0.64,0.3228827478027343,2021-02-06,25,0.605
160,MSFT210205C00250000,250.0,0.51,0.46,0.52,0.3266668896484375,2021-02-06,25,0.49
161,MSFT210205C00252500,252.5,0.4,0.39,0.45,0.3347234497070312,2021-02-06,25,0.42000000000000004
162,MSFT210205C00255000,255.0,0.36,0.34,0.4,0.3442448388671875,2021-02-06,25,0.37
163,MSFT210205C00257500,257.5,0.32,0.3,0.35,0.35205726074218746,2021-02-06,25,0.32499999999999996
164,MSFT210212C00190000,190.0,28.7,29.15,29.8,0.4057676611328125,2021-02-13,32,29.475
165,MSFT210212C00195000,195.0,25.1,24.8,25.1,0.3712221081542969,2021-02-13,32,24.950000000000003
166,MSFT210212C00197500,197.5,22.5,22.55,22.9,0.36121244262695307,2021-02-13,32,22.725
167,MSFT210212C00200000,200.0,20.77,18.45,20.95,0.36255520263671875,2021-02-13,32,19.7
168,MSFT210212C00202500,202.5,18.75,18.4,18.6,0.33887379882812496,2021-02-13,32,18.5
169,MSFT210212C00205000,205.0,17.45,14.55,17.75,0.38458867370605465,2021-02-13,32,16.15
170,MSFT210212C00207500,207.5,14.05,14.15,14.8,0.3282537878417968,2021-02-13,32,14.475000000000001
171,MSFT210212C00210000,210.0,12.86,12.7,13.0,0.3214789532470703,2021-02-13,32,12.85
172,MSFT210212C00212500,212.5,11.2,11.15,11.4,0.31873239868164055,2021-02-13,32,11.275
173,MSFT210212C00215000,215.0,9.68,9.25,9.85,0.31354446228027344,2021-02-13,32,9.55
174,MSFT210212C00217500,217.5,8.4,8.25,8.5,0.31153032226562494,2021-02-13,32,8.375
175,MSFT210212C00220000,220.0,7.2,7.0,7.25,0.30878376770019533,2021-02-13,32,7.125
176,MSFT210212C00222500,222.5,5.95,5.9,6.15,0.30713583496093744,2021-02-13,32,6.025
177,MSFT210212C00225000,225.0,5.02,4.95,5.1,0.3026803131103516,2021-02-13,32,5.025
178,MSFT210212C00227500,227.5,4.0,4.05,4.3,0.30359583129882806,2021-02-13,32,4.175
179,MSFT210212C00230000,230.0,3.45,3.3,3.55,0.3021920367431641,2021-02-13,32,3.425
180,MSFT210212C00232500,232.5,2.82,2.53,2.92,0.3016427258300781,2021-02-13,32,2.7249999999999996
181,MSFT210212C00235000,235.0,2.19,1.93,2.38,0.3009103112792969,2021-02-13,32,2.155
182,MSFT210212C00237500,237.5,1.91,1.84,1.95,0.3018258294677735,2021-02-13,32,1.895
183,MSFT210212C00240000,240.0,1.53,1.5,1.65,0.30652548950195313,2021-02-13,32,1.575
184,MSFT210212C00242500,242.5,1.26,1.22,1.35,0.30799031860351556,2021-02-13,32,1.2850000000000001
185,MSFT210212C00245000,245.0,1.03,0.79,1.15,0.31323928955078123,2021-02-13,32,0.97
186,MSFT210212C00247500,247.5,0.88,0.8,0.94,0.3149482568359374,2021-02-13,32,0.87
187,MSFT210212C00250000,250.0,0.79,0.66,0.76,0.3161689477539062,2021-02-13,32,0.71
188,MSFT210212C00255000,255.0,0.53,0.48,0.56,0.327155166015625,2021-02-13,32,0.52
189,MSFT210219C00115000,115.0,103.15,102.95,103.7,0.80664255859375,2021-02-20,39,103.325
190,MSFT210219C00120000,120.0,98.75,97.1,99.45,0.7070341796875,2021-02-20,39,98.275
191,MSFT210219C00125000,125.0,93.15,92.1,94.5,0.6875031250000001,2021-02-20,39,93.3
192,MSFT210219C00130000,130.0,89.12,87.95,88.75,0.6806672558593752,2021-02-20,39,88.35
193,MSFT210219C00135000,135.0,80.25,82.15,84.55,0.6357458300781251,2021-02-20,39,83.35
194,MSFT210219C00140000,140.0,78.82,78.1,79.65,0.75586181640625,2021-02-20,39,78.875
195,MSFT210219C00145000,145.0,73.8,73.05,73.75,0.5737347314453125,2021-02-20,39,73.4
196,MSFT210219C00150000,150.0,70.02,68.15,68.8,0.5585981640625001,2021-02-20,39,68.475
197,MSFT210219C00155000,155.0,59.75,63.25,63.65,0.507817421875,2021-02-20,39,63.45
198,MSFT210219C00160000,160.0,58.95,58.3,58.7,0.5268602001953125,2021-02-20,39,58.5
199,MSFT210219C00165000,165.0,51.17,53.25,54.05,0.5376022802734376,2021-02-20,39,53.65
200,MSFT210219C00170000,170.0,49.32,48.5,48.95,0.4770560107421875,2021-02-20,39,48.725
201,MSFT210219C00175000,175.0,43.7,43.55,44.25,0.46680220703125,2021-02-20,39,43.9
202,MSFT210219C00180000,180.0,40.65,38.8,39.4,0.43408769042968753,2021-02-20,39,39.099999999999994
203,MSFT210219C00185000,185.0,34.28,34.0,34.6,0.4028380029296875,2021-02-20,39,34.3
204,MSFT210219C00190000,190.0,29.64,27.65,30.05,0.3857483300781249,2021-02-20,39,28.85
205,MSFT210219C00195000,195.0,25.07,24.95,25.25,0.3461979443359374,2021-02-20,39,25.1
206,MSFT210219C00200000,200.0,20.75,20.75,21.0,0.33179379150390625,2021-02-20,39,20.875
207,MSFT210219C00205000,205.0,16.9,16.9,17.05,0.3198920550537109,2021-02-20,39,16.975
208,MSFT210219C00210000,210.0,13.39,13.35,13.5,0.3110420458984374,2021-02-20,39,13.425
209,MSFT210219C00215000,215.0,10.25,10.25,10.35,0.30249720947265624,2021-02-20,39,10.3
210,MSFT210219C00220000,220.0,7.71,7.65,7.75,0.29779754943847647,2021-02-20,39,7.7
211,MSFT210219C00225000,225.0,5.5,5.45,5.65,0.2947458221435546,2021-02-20,39,5.550000000000001
212,MSFT210219C00230000,230.0,3.88,3.85,4.0,0.29230444030761704,2021-02-20,39,3.925
213,MSFT210219C00235000,235.0,2.69,2.66,2.73,0.28943581665039053,2021-02-20,39,2.6950000000000003
214,MSFT210219C00240000,240.0,1.82,1.82,1.88,0.29114478393554677,2021-02-20,39,1.85
215,MSFT210219C00245000,245.0,1.25,1.23,1.3,0.29480685668945306,2021-02-20,39,1.2650000000000001
216,MSFT210219C00250000,250.0,0.89,0.87,0.92,0.3009103112792969,2021-02-20,39,0.895
217,MSFT210219C00255000,255.0,0.62,0.62,0.68,0.3100654931640625,2021-02-20,39,0.65
218,MSFT210219C00260000,260.0,0.47,0.46,0.52,0.3205634350585937,2021-02-20,39,0.49
219,MSFT210219C00265000,265.0,0.39,0.35,0.43,0.33521172607421873,2021-02-20,39,0.39
220,MSFT210219C00270000,270.0,0.29,0.27,0.37,0.35108070800781244,2021-02-20,39,0.32
221,MSFT210219C00275000,275.0,0.24,0.23,0.31,0.3640200317382813,2021-02-20,39,0.27
222,MSFT210219C00280000,280.0,0.21,0.19,0.27,0.37842418457031246,2021-02-20,39,0.23
223,MSFT210219C00285000,285.0,0.16,0.14,0.23,0.39063109375,2021-02-20,39,0.185
224,MSFT210219C00290000,290.0,0.15,0.1,0.21,0.4062559375,2021-02-20,39,0.155
225,MSFT210219C00295000,295.0,0.11,0.08,0.17,0.414068359375,2021-02-20,39,0.125
226,MSFT210219C00300000,300.0,0.12,0.08,0.14,0.42236905761718746,2021-02-20,39,0.11000000000000001
227,MSFT210219C00305000,305.0,0.1,0.02,0.2,0.4624077197265626,2021-02-20,39,0.11
228,MSFT210219C00310000,310.0,0.1,0.06,0.41,0.5351608984375,2021-02-20,39,0.235
229,MSFT210219C00315000,315.0,0.09,0.05,0.11,0.46289599609375004,2021-02-20,39,0.08
230,MSFT210219C00320000,320.0,0.05,0.05,0.09,0.4687553125,2021-02-20,39,0.07
231,MSFT210219C00325000,325.0,0.05,0.03,0.11,0.49609878906250005,2021-02-20,39,0.07
232,MSFT210226C00192500,192.5,27.79,27.4,27.75,0.34363449340820307,2021-02-27,46,27.575
233,MSFT210226C00200000,200.0,21.65,21.05,21.55,0.3306951696777344,2021-02-27,46,21.3
234,MSFT210226C00202500,202.5,19.31,19.15,19.6,0.3259344750976562,2021-02-27,46,19.375
235,MSFT210226C00210000,210.0,13.58,12.05,15.5,0.35608554077148435,2021-02-27,46,13.775
236,MSFT210226C00212500,212.5,12.15,11.4,12.9,0.317389638671875,2021-02-27,46,12.15
237,MSFT210226C00215000,215.0,10.85,10.8,11.05,0.30188686401367193,2021-02-27,46,10.925
238,MSFT210226C00217500,217.5,9.4,9.45,9.65,0.29798065307617183,2021-02-27,46,9.55
239,MSFT210226C00220000,220.0,8.3,8.15,8.45,0.29718720397949216,2021-02-27,46,8.3
240,MSFT210226C00222500,222.5,6.9,7.05,7.35,0.29614961669921874,2021-02-27,46,7.199999999999999
241,MSFT210226C00225000,225.0,6.25,6.0,6.35,0.29505099487304687,2021-02-27,46,6.175
242,MSFT210226C00227500,227.5,5.35,5.0,5.45,0.2938913385009765,2021-02-27,46,5.225
243,MSFT210226C00230000,230.0,4.45,4.35,4.55,0.2893137475585937,2021-02-27,46,4.449999999999999
244,MSFT210226C00232500,232.5,3.55,3.65,3.95,0.29224340576171864,2021-02-27,46,3.8
245,MSFT210226C00235000,235.0,3.25,1.56,3.3,0.29016823120117186,2021-02-27,46,2.4299999999999997
246,MSFT210226C00237500,237.5,3.12,1.01,2.99,0.2990792749023437,2021-02-27,46,2.0
247,MSFT210226C00240000,240.0,2.21,2.16,2.32,0.28967995483398434,2021-02-27,46,2.24
248,MSFT210226C00245000,245.0,1.55,1.52,1.68,0.29395237304687494,2021-02-27,46,1.6
249,MSFT210226C00250000,250.0,1.11,1.09,1.2,0.29761444580078117,2021-02-27,46,1.145
250,MSFT210319C00065000,65.0,152.3,152.85,153.6,0.914063359375,2021-03-20,67,153.225
251,MSFT210319C00070000,70.0,142.1,147.55,148.95,0.945313046875,2021-03-20,67,148.25
252,MSFT210319C00075000,75.0,142.9,142.9,143.5,1.12109814453125,2021-03-20,67,143.2
253,MSFT210319C00080000,80.0,135.85,137.35,139.05,1.2470740771484374,2021-03-20,67,138.2
254,MSFT210319C00085000,85.0,133.05,132.4,134.05,0.7187528125,2021-03-20,67,133.22500000000002
255,MSFT210319C00090000,90.0,120.25,132.5,133.2,1.6246356658935548,2021-03-20,67,132.85
256,MSFT210319C00095000,95.0,117.79,124.45,125.2,1.19141029296875,2021-03-20,67,124.825
257,MSFT210319C00100000,100.0,118.0,117.9,118.6,0.6601596484375001,2021-03-20,67,118.25
258,MSFT210319C00105000,105.0,107.55,112.65,114.15,0.74414318359375,2021-03-20,67,113.4
259,MSFT210319C00110000,110.0,106.5,107.25,109.3,0.6132851171875001,2021-03-20,67,108.275
260,MSFT210319C00115000,115.0,94.65,107.6,108.3,1.2448768225097653,2021-03-20,67,107.94999999999999
261,MSFT210319C00120000,120.0,96.55,97.95,98.65,0.5625043750000001,2021-03-20,67,98.30000000000001
262,MSFT210319C00125000,125.0,93.65,92.15,94.5,0.5429733203125001,2021-03-20,67,93.325
263,MSFT210319C00130000,130.0,90.05,88.0,88.7,0.5214891601562499,2021-03-20,67,88.35
264,MSFT210319C00135000,135.0,83.65,82.1,84.75,0.516606396484375,2021-03-20,67,83.425
265,MSFT210319C00140000,140.0,79.01,78.15,78.75,0.5581098876953126,2021-03-20,67,78.45
266,MSFT210319C00145000,145.0,72.5,73.3,73.85,0.5363815893554689,2021-03-20,67,73.57499999999999
267,MSFT210319C00150000,150.0,67.35,68.25,68.9,0.5053760400390624,2021-03-20,67,68.575
268,MSFT210319C00155000,155.0,63.55,63.35,64.05,0.48682153808593753,2021-03-20,67,63.7
269,MSFT210319C00160000,160.0,60.2,57.1,60.35,0.5614057531738281,2021-03-20,67,58.725
270,MSFT210319C00165000,165.0,54.5,53.6,54.25,0.4321345849609375,2021-03-20,67,53.925
271,MSFT210319C00170000,170.0,50.35,48.75,49.45,0.4116269775390625,2021-03-20,67,49.1
272,MSFT210319C00175000,175.0,43.8,42.4,45.5,0.4426325268554688,2021-03-20,67,43.95
273,MSFT210319C00180000,180.0,41.1,39.5,39.85,0.3629214099121094,2021-03-20,67,39.675
274,MSFT210319C00185000,185.0,34.61,34.75,36.4,0.40253283020019537,2021-03-20,67,35.575
275,MSFT210319C00190000,190.0,30.63,30.4,30.8,0.3319158605957031,2021-03-20,67,30.6
276,MSFT210319C00195000,195.0,26.4,26.35,26.6,0.3220282641601562,2021-03-20,67,26.475
277,MSFT210319C00200000,200.0,22.49,22.15,22.65,0.31372756591796874,2021-03-20,67,22.4
278,MSFT210319C00205000,205.0,18.5,18.75,19.05,0.30847859497070307,2021-03-20,67,18.9
279,MSFT210319C00210000,210.0,15.44,15.4,15.75,0.3031075549316406,2021-03-20,67,15.575
280,MSFT210319C00215000,215.0,12.5,12.55,12.8,0.29834686035156244,2021-03-20,67,12.675
281,MSFT210319C00220000,220.0,10.1,9.8,10.25,0.29492892578124996,2021-03-20,67,10.025
282,MSFT210319C00225000,225.0,7.85,7.75,8.0,0.29016823120117186,2021-03-20,67,7.875
283,MSFT210319C00230000,230.0,6.05,6.0,6.15,0.2868113311767577,2021-03-20,67,6.075
284,MSFT210319C00235000,235.0,4.62,4.55,4.7,0.28577374389648436,2021-03-20,67,4.625
285,MSFT210319C00240000,240.0,3.5,3.4,3.6,0.28705546936035153,2021-03-20,67,3.5
286,MSFT210319C00245000,245.0,2.58,2.57,2.64,0.2848582257080078,2021-03-20,67,2.605
287,MSFT210319C00250000,250.0,1.92,1.89,2.0,0.2873606420898437,2021-03-20,67,1.9449999999999998
288,MSFT210319C00255000,255.0,1.49,1.41,1.56,0.29273168212890616,2021-03-20,67,1.4849999999999999
289,MSFT210319C00260000,260.0,1.1,1.09,1.19,0.2962716857910156,2021-03-20,67,1.1400000000000001
290,MSFT210319C00265000,265.0,0.91,0.64,0.96,0.30359583129882806,2021-03-20,67,0.8
291,MSFT210319C00270000,270.0,0.71,0.67,0.75,0.3083565258789062,2021-03-20,67,0.71
292,MSFT210319C00275000,275.0,0.6,0.54,0.58,0.3122627368164062,2021-03-20,67,0.56
293,MSFT210319C00280000,280.0,0.47,0.44,0.51,0.32349309326171866,2021-03-20,67,0.475
294,MSFT210319C00285000,285.0,0.41,0.1,0.97,0.38709109008789055,2021-03-20,67,0.535
295,MSFT210319C00290000,290.0,0.35,0.0,0.5,0.35816071533203125,2021-03-20,67,0.25
296,MSFT210319C00295000,295.0,0.31,0.26,0.33,0.3501041552734374,2021-03-20,67,0.29500000000000004
297,MSFT210319C00300000,300.0,0.25,0.24,0.3,0.36084623535156246,2021-03-20,67,0.27
298,MSFT210319C00320000,320.0,0.16,0.0,0.32,0.4243221630859375,2021-03-20,67,0.16
299,MSFT210416C00110000,110.0,104.4,108.0,108.75,0.57812921875,2021-04-17,95,108.375
300,MSFT210416C00115000,115.0,90.15,100.1,101.35,1.0000000000000003e-05,2021-04-17,95,100.725
301,MSFT210416C00120000,120.0,97.05,100.7,105.0,0.9847413635253908,2021-04-17,95,102.85
302,MSFT210416C00125000,125.0,93.8,93.0,93.75,0.5727581787109376,2021-04-17,95,93.375
303,MSFT210416C00130000,130.0,89.9,88.05,88.85,0.5534712622070312,2021-04-17,95,88.44999999999999
304,MSFT210416C00135000,135.0,91.0,82.15,84.85,0.6279334082031252,2021-04-17,95,83.5
305,MSFT210416C00140000,140.0,86.02,78.2,79.0,0.5039112109375,2021-04-17,95,78.6
306,MSFT210416C00145000,145.0,73.7,73.35,74.0,0.46973186523437505,2021-04-17,95,73.675
307,MSFT210416C00150000,150.0,69.03,68.35,69.15,0.4523980541992188,2021-04-17,95,68.75
308,MSFT210416C00155000,155.0,63.8,63.55,64.25,0.42847251220703125,2021-04-17,95,63.9
309,MSFT210416C00160000,160.0,58.5,58.7,59.4,0.40796490478515623,2021-04-17,95,59.05
310,MSFT210416C00165000,165.0,54.07,53.95,54.65,0.39282833740234374,2021-04-17,95,54.3
311,MSFT210416C00170000,170.0,50.35,47.85,50.2,0.392034888305664,2021-04-17,95,49.025000000000006
312,MSFT210416C00175000,175.0,44.59,44.65,45.3,0.3624331335449219,2021-04-17,95,44.974999999999994
313,MSFT210416C00180000,180.0,40.07,38.45,41.5,0.38013315185546875,2021-04-17,95,39.975
314,MSFT210416C00185000,185.0,34.05,35.6,36.2,0.33100034240722653,2021-04-17,95,35.900000000000006
315,MSFT210416C00190000,190.0,32.82,31.7,32.0,0.32257757507324214,2021-04-17,95,31.85
316,MSFT210416C00195000,195.0,27.5,26.05,28.0,0.3150703259277343,2021-04-17,95,27.025
317,MSFT210416C00200000,200.0,24.02,22.95,24.25,0.30884480224609373,2021-04-17,95,23.6
318,MSFT210416C00205000,205.0,20.05,20.45,20.8,0.304145142211914,2021-04-17,95,20.625
319,MSFT210416C00210000,210.0,17.8,17.3,17.65,0.3001778967285156,2021-04-17,95,17.475
320,MSFT210416C00215000,215.0,14.5,14.4,14.8,0.29657685852050775,2021-04-17,95,14.600000000000001
321,MSFT210416C00220000,220.0,12.1,12.0,12.25,0.29303685485839837,2021-04-17,95,12.125
322,MSFT210416C00225000,225.0,9.78,9.75,10.0,0.2895273684692382,2021-04-17,95,9.875
323,MSFT210416C00230000,230.0,7.9,7.85,8.4,0.29434909759521477,2021-04-17,95,8.125
324,MSFT210416C00235000,235.0,6.35,6.3,6.5,0.2858347784423828,2021-04-17,95,6.4
325,MSFT210416C00240000,240.0,5.0,4.95,5.15,0.2841868457031249,2021-04-17,95,5.050000000000001
326,MSFT210416C00245000,245.0,3.95,3.8,4.15,0.2860789166259765,2021-04-17,95,3.975
327,MSFT210416C00250000,250.0,3.14,3.0,3.25,0.2854075366210937,2021-04-17,95,3.125
328,MSFT210416C00255000,255.0,2.51,2.4,2.53,0.28516339843749994,2021-04-17,95,2.465
329,MSFT210416C00260000,260.0,1.91,1.87,2.02,0.2877268493652343,2021-04-17,95,1.945
330,MSFT210416C00265000,265.0,1.55,1.48,1.6,0.2898020239257812,2021-04-17,95,1.54
331,MSFT210416C00270000,270.0,1.32,1.19,1.31,0.29431858032226554,2021-04-17,95,1.25
332,MSFT210416C00275000,275.0,1.08,0.21,1.33,0.3138496350097656,2021-04-17,95,0.77
333,MSFT210416C00280000,280.0,0.9,0.79,0.9,0.3043282458496094,2021-04-17,95,0.845
334,MSFT210416C00285000,285.0,0.73,0.66,0.77,0.3107979077148437,2021-04-17,95,0.7150000000000001
335,MSFT210416C00290000,290.0,0.59,0.21,0.66,0.31690136230468746,2021-04-17,95,0.435
336,MSFT210416C00295000,295.0,0.54,0.49,0.56,0.3220282641601562,2021-04-17,95,0.525
337,MSFT210416C00300000,300.0,0.5,0.42,0.95,0.3712221081542969,2021-04-17,95,0.6849999999999999
338,MSFT210416C00305000,305.0,0.4,0.37,0.41,0.3325262060546875,2021-04-17,95,0.39
339,MSFT210416C00310000,310.0,0.34,0.33,0.42,0.3469303588867187,2021-04-17,95,0.375
340,MSFT210618C00065000,65.0,154.49,152.85,153.55,0.8437515624999999,2021-06-19,158,153.2
341,MSFT210618C00070000,70.0,155.7,141.05,142.15,1.0000000000000003e-05,2021-06-19,158,141.60000000000002
342,MSFT210618C00075000,75.0,139.55,145.5,149.6,1.2312050158691408,2021-06-19,158,147.55
343,MSFT210618C00080000,80.0,133.9,142.15,143.2,1.1732219073486327,2021-06-19,158,142.675
344,MSFT210618C00085000,85.0,129.95,127.75,129.05,1.0000000000000003e-05,2021-06-19,158,128.4
345,MSFT210618C00090000,90.0,124.43,130.6,134.8,1.0526170416259766,2021-06-19,158,132.7
346,MSFT210618C00095000,95.0,118.0,122.75,124.2,0.5722699023437501,2021-06-19,158,123.475
347,MSFT210618C00100000,100.0,118.0,117.9,118.6,0.5712933496093751,2021-06-19,158,118.25
348,MSFT210618C00105000,105.0,104.75,117.65,118.35,0.9110116320800781,2021-06-19,158,118.0
349,MSFT210618C00110000,110.0,109.0,107.15,109.75,0.65039412109375,2021-06-19,158,108.45
350,MSFT210618C00115000,115.0,104.05,102.2,104.85,0.622074091796875,2021-06-19,158,103.525
351,MSFT210618C00120000,120.0,98.1,97.05,100.0,0.5981485498046876,2021-06-19,158,98.525
352,MSFT210618C00125000,125.0,93.6,93.25,93.95,0.47022014160156256,2021-06-19,158,93.6
353,MSFT210618C00130000,130.0,89.1,87.0,90.45,0.5590864404296876,2021-06-19,158,88.725
354,MSFT210618C00135000,135.0,89.62,83.5,84.2,0.437505625,2021-06-19,158,83.85
355,MSFT210618C00140000,140.0,78.55,78.65,79.4,0.42529871582031253,2021-06-19,158,79.025
356,MSFT210618C00145000,145.0,74.4,72.1,76.3,0.5033008654785156,2021-06-19,158,74.19999999999999
357,MSFT210618C00150000,150.0,69.9,69.05,69.75,0.3922179919433594,2021-06-19,158,69.4
358,MSFT210618C00155000,155.0,61.75,62.6,65.75,0.41480077392578124,2021-06-19,158,64.175
359,MSFT210618C00160000,160.0,59.15,59.7,60.5,0.3738465936279296,2021-06-19,158,60.1
360,MSFT210618C00165000,165.0,54.75,55.2,55.9,0.3617007189941406,2021-06-19,158,55.55
361,MSFT210618C00170000,170.0,50.5,50.8,51.3,0.3473576007080078,2021-06-19,158,51.05
362,MSFT210618C00175000,175.0,46.28,46.45,46.9,0.3377141424560547,2021-06-19,158,46.675
363,MSFT210618C00180000,180.0,42.75,42.2,42.65,0.3295660305786132,2021-06-19,158,42.425
364,MSFT210618C00185000,185.0,39.4,38.3,38.65,0.32471378417968744,2021-06-19,158,38.474999999999994
365,MSFT210618C00190000,190.0,34.66,34.2,34.8,0.31958688232421867,2021-06-19,158,34.5
366,MSFT210618C00195000,195.0,30.45,30.75,31.1,0.3139717041015625,2021-06-19,158,30.925
367,MSFT210618C00200000,200.0,27.55,27.25,27.7,0.31070635589599604,2021-06-19,158,27.475
368,MSFT210618C00205000,205.0,24.2,24.1,24.45,0.3062813513183594,2021-06-19,158,24.275
369,MSFT210618C00210000,210.0,21.22,21.15,21.55,0.3043587631225586,2021-06-19,158,21.35
370,MSFT210618C00215000,215.0,18.65,18.35,18.75,0.3001778967285156,2021-06-19,158,18.55
371,MSFT210618C00220000,220.0,16.15,15.95,16.3,0.2981942739868163,2021-06-19,158,16.125
372,MSFT210618C00225000,225.0,13.8,13.7,14.2,0.29837737762451166,2021-06-19,158,13.95
373,MSFT210618C00230000,230.0,11.95,11.85,12.0,0.29291478576660146,2021-06-19,158,11.925
374,MSFT210618C00235000,235.0,10.04,10.0,10.2,0.2907175421142577,2021-06-19,158,10.1
375,MSFT210618C00240000,240.0,8.45,8.45,8.85,0.29312840667724605,2021-06-19,158,8.649999999999999
376,MSFT210618C00245000,245.0,6.95,7.1,7.3,0.28824564300537103,2021-06-19,158,7.199999999999999
377,MSFT210618C00250000,250.0,6.18,5.95,6.1,0.2866282275390625,2021-06-19,158,6.025
378,MSFT210618C00255000,255.0,4.95,4.95,5.65,0.29822479125976553,2021-06-19,158,5.300000000000001
379,MSFT210618C00260000,260.0,4.5,4.05,4.35,0.28778788391113275,2021-06-19,158,4.199999999999999
380,MSFT210618C00265000,265.0,3.5,3.45,3.6,0.2868723657226562,2021-06-19,158,3.5250000000000004
381,MSFT210618C00270000,270.0,2.98,2.63,3.05,0.28852029846191396,2021-06-19,158,2.84
382,MSFT210618C00275000,275.0,2.42,2.43,2.55,0.2890696093749999,2021-06-19,158,2.49
383,MSFT210618C00280000,280.0,2.1,2.0,2.19,0.29193823303222644,2021-06-19,158,2.0949999999999998
384,MSFT210618C00285000,285.0,1.83,1.71,1.87,0.2941965112304687,2021-06-19,158,1.79
385,MSFT210618C00290000,290.0,1.64,1.49,1.59,0.29614961669921874,2021-06-19,158,1.54
386,MSFT210618C00295000,295.0,1.39,0.74,2.67,0.3515079498291015,2021-06-19,158,1.705
387,MSFT210618C00300000,300.0,1.16,1.11,1.49,0.3170844659423828,2021-06-19,158,1.3
388,MSFT210618C00310000,310.0,0.96,0.87,0.95,0.31116411499023433,2021-06-19,158,0.9099999999999999
389,MSFT210618C00320000,320.0,0.75,0.69,0.75,0.3186103295898437,2021-06-19,158,0.72
390,MSFT210716C00120000,120.0,103.31,98.3,98.95,0.4611870288085938,2021-07-17,186,98.625
391,MSFT210716C00125000,125.0,93.6,92.05,95.35,0.5416305603027345,2021-07-17,186,93.69999999999999
392,MSFT210716C00130000,130.0,83.96,93.15,93.85,0.6555210229492189,2021-07-17,186,93.5
393,MSFT210716C00135000,135.0,84.85,83.6,84.3,0.41138283935546877,2021-07-17,186,83.94999999999999
394,MSFT210716C00140000,140.0,79.2,77.1,81.25,0.4928029235839845,2021-07-17,186,79.175
395,MSFT210716C00145000,145.0,75.5,72.25,76.25,0.46191944335937507,2021-07-17,186,74.25
396,MSFT210716C00150000,150.0,69.25,69.4,70.05,0.37756970092773434,2021-07-17,186,69.725
397,MSFT210716C00155000,155.0,70.46,63.0,67.35,0.4428156304931641,2021-07-17,186,65.175
398,MSFT210716C00160000,160.0,60.88,60.25,60.8,0.35681795532226557,2021-07-17,186,60.525
399,MSFT210716C00165000,165.0,60.98,55.7,56.25,0.3460758752441406,2021-07-17,186,55.975
400,MSFT210716C00170000,170.0,53.3,51.35,51.85,0.3379582806396484,2021-07-17,186,51.6
401,MSFT210716C00175000,175.0,49.45,45.25,48.45,0.354376573486328,2021-07-17,186,46.85
402,MSFT210716C00180000,180.0,43.5,43.1,43.65,0.3294134442138671,2021-07-17,186,43.375
403,MSFT210716C00185000,185.0,39.17,37.05,39.6,0.3213568841552734,2021-07-17,186,38.325
404,MSFT210716C00190000,190.0,35.5,35.35,35.9,0.31793894958496094,2021-07-17,186,35.625
405,MSFT210716C00195000,195.0,32.35,31.85,32.3,0.3129951513671875,2021-07-17,186,32.075
406,MSFT210716C00200000,200.0,29.65,26.7,28.95,0.30939411315917964,2021-07-17,186,27.825
407,MSFT210716C00205000,205.0,26.1,23.35,25.85,0.30676962768554683,2021-07-17,186,24.6
408,MSFT210716C00210000,210.0,23.05,22.5,22.9,0.30322962402343745,2021-07-17,186,22.7
409,MSFT210716C00215000,215.0,19.65,19.8,20.2,0.3004220349121094,2021-07-17,186,20.0
410,MSFT210716C00220000,220.0,17.56,17.3,18.2,0.3055184194946289,2021-07-17,186,17.75
411,MSFT210716C00225000,225.0,15.25,15.1,15.45,0.2952035812377929,2021-07-17,186,15.274999999999999
412,MSFT210716C00230000,230.0,13.3,11.1,14.0,0.3025887612915039,2021-07-17,186,12.55
413,MSFT210716C00235000,235.0,11.6,11.25,11.6,0.29135840484619135,2021-07-17,186,11.425
414,MSFT210716C00240000,240.0,9.75,9.75,10.0,0.2901071966552734,2021-07-17,186,9.875
415,MSFT210716C00245000,245.0,8.35,6.4,9.15,0.2989877230834961,2021-07-17,186,7.775
416,MSFT210716C00250000,250.0,7.21,6.95,7.8,0.2965463412475585,2021-07-17,186,7.375
417,MSFT210716C00255000,255.0,6.0,6.0,6.65,0.2949594430541992,2021-07-17,186,6.325
418,MSFT210716C00260000,260.0,5.25,5.1,5.35,0.287269090270996,2021-07-17,186,5.225
419,MSFT210716C00265000,265.0,4.45,2.12,6.6,0.33130551513671874,2021-07-17,186,4.359999999999999
420,MSFT210716C00270000,270.0,3.83,3.65,5.75,0.3306951696777344,2021-07-17,186,4.7
421,MSFT210716C00275000,275.0,3.27,3.1,3.35,0.28919167846679683,2021-07-17,186,3.225
422,MSFT210716C00280000,280.0,2.9,0.84,4.7,0.33850759155273435,2021-07-17,186,2.77
423,MSFT210716C00285000,285.0,2.95,0.58,2.44,0.2907175421142577,2021-07-17,186,1.51
424,MSFT210716C00290000,290.0,2.08,1.97,2.1,0.29224340576171864,2021-07-17,186,2.035
425,MSFT210716C00295000,295.0,1.86,1.7,1.82,0.2941965112304687,2021-07-17,186,1.76
426,MSFT210716C00300000,300.0,1.59,1.02,2.02,0.31378860046386714,2021-07-17,186,1.52
427,MSFT210716C00305000,305.0,1.31,1.27,1.43,0.3009103112792969,2021-07-17,186,1.35
428,MSFT210716C00310000,310.0,1.23,0.69,2.49,0.35431553894042955,2021-07-17,186,1.59
429,MSFT210716C00315000,315.0,1.11,1.0,1.14,0.30774618041992186,2021-07-17,186,1.0699999999999998
430,MSFT210716C00320000,320.0,1.0,0.89,1.03,0.31153032226562494,2021-07-17,186,0.96
431,MSFT210917C00100000,100.0,116.1,117.15,119.7,0.577152666015625,2021-09-18,249,118.42500000000001
432,MSFT210917C00105000,105.0,108.55,112.65,114.6,0.5376022802734376,2021-09-18,249,113.625
433,MSFT210917C00110000,110.0,109.06,108.15,108.9,0.4440973559570312,2021-09-18,249,108.525
434,MSFT210917C00115000,115.0,101.02,97.4,100.1,1.0000000000000003e-05,2021-09-18,249,98.75
435,MSFT210917C00120000,120.0,106.65,98.4,99.15,0.41699801757812494,2021-09-18,249,98.775
436,MSFT210917C00125000,125.0,91.61,87.75,90.6,1.0000000000000003e-05,2021-09-18,249,89.175
437,MSFT210917C00130000,130.0,91.0,87.0,91.4,0.4885305053710938,2021-09-18,249,89.2
438,MSFT210917C00135000,135.0,90.5,84.05,84.75,0.3833069482421875,2021-09-18,249,84.4
439,MSFT210917C00140000,140.0,79.82,79.35,80.15,0.37915659912109373,2021-09-18,249,79.75
440,MSFT210917C00145000,145.0,79.31,74.75,75.4,0.365667964477539,2021-09-18,249,75.075
441,MSFT210917C00150000,150.0,69.72,70.15,70.85,0.3588931298828125,2021-09-18,249,70.5
442,MSFT210917C00155000,155.0,60.75,65.65,66.4,0.35315588256835934,2021-09-18,249,66.025
443,MSFT210917C00160000,160.0,61.65,59.75,62.0,0.3463810479736328,2021-09-18,249,60.875
444,MSFT210917C00165000,165.0,58.5,57.1,57.65,0.3387822470092773,2021-09-18,249,57.375
445,MSFT210917C00170000,170.0,53.15,52.85,53.55,0.3350896569824219,2021-09-18,249,53.2
446,MSFT210917C00175000,175.0,50.25,48.9,49.35,0.3265448205566406,2021-09-18,249,49.125
447,MSFT210917C00180000,180.0,46.62,45.05,45.6,0.32507999145507804,2021-09-18,249,45.325
448,MSFT210917C00185000,185.0,41.95,41.3,41.85,0.3206244696044921,2021-09-18,249,41.575
449,MSFT210917C00190000,190.0,39.1,37.7,38.35,0.3180305014038085,2021-09-18,249,38.025000000000006
450,MSFT210917C00195000,195.0,34.97,34.35,34.95,0.31436842864990233,2021-09-18,249,34.650000000000006
451,MSFT210917C00200000,200.0,31.35,31.15,31.65,0.3096992858886719,2021-09-18,249,31.4
452,MSFT210917C00205000,205.0,28.6,28.25,28.6,0.306372903137207,2021-09-18,249,28.425
453,MSFT210917C00210000,210.0,25.55,24.1,26.45,0.313483427734375,2021-09-18,249,25.275
454,MSFT210917C00215000,215.0,22.91,22.85,23.2,0.30213100219726563,2021-09-18,249,23.025
455,MSFT210917C00220000,220.0,20.43,19.4,20.9,0.30181057083129886,2021-09-18,249,20.15
456,MSFT210917C00225000,225.0,18.4,18.2,18.6,0.2990182403564453,2021-09-18,249,18.4
457,MSFT210917C00230000,230.0,16.4,16.1,16.5,0.296607375793457,2021-09-18,249,16.3
458,MSFT210917C00235000,235.0,14.42,14.25,15.15,0.3023446231079102,2021-09-18,249,14.7
459,MSFT210917C00240000,240.0,12.75,12.6,12.9,0.29312840667724605,2021-09-18,249,12.75
460,MSFT210917C00245000,245.0,11.1,11.1,11.4,0.29233495758056627,2021-09-18,249,11.25
461,MSFT210917C00250000,250.0,9.85,9.7,10.05,0.29160254302978506,2021-09-18,249,9.875
462,MSFT210917C00255000,255.0,8.35,6.7,9.15,0.2959359957885742,2021-09-18,249,7.925000000000001
463,MSFT210917C00260000,260.0,7.55,7.4,7.75,0.2903208175659179,2021-09-18,249,7.575
464,MSFT210917C00265000,265.0,6.6,6.45,6.75,0.2891611611938476,2021-09-18,249,6.6
465,MSFT210917C00270000,270.0,5.8,5.6,6.25,0.29529513305664057,2021-09-18,249,5.925
466,MSFT210917C00275000,275.0,5.0,5.0,5.55,0.2963937548828125,2021-09-18,249,5.275
467,MSFT210917C00280000,280.0,4.5,4.35,4.55,0.2896189202880859,2021-09-18,249,4.449999999999999
468,MSFT210917C00285000,285.0,3.85,3.25,3.95,0.2891306439208984,2021-09-18,249,3.6
469,MSFT210917C00290000,290.0,3.4,3.3,5.5,0.3350286224365234,2021-09-18,249,4.4
470,MSFT210917C00295000,295.0,3.15,2.89,3.05,0.2905954730224609,2021-09-18,249,2.9699999999999998
471,MSFT210917C00300000,300.0,2.61,2.54,2.68,0.2913889221191405,2021-09-18,249,2.6100000000000003
472,MSFT210917C00310000,310.0,2.08,2.0,2.14,0.295356167602539,2021-09-18,249,2.0700000000000003
473,MSFT210917C00320000,320.0,1.66,1.6,1.71,0.29895720581054686,2021-09-18,249,1.655
474,MSFT220121C00070000,70.0,145.0,146.65,149.8,0.6706575903320313,2022-01-22,375,148.22500000000002
475,MSFT220121C00075000,75.0,143.23,142.85,143.6,0.49609878906250005,2022-01-22,375,143.225
476,MSFT220121C00080000,80.0,134.0,137.8,138.65,0.47632359619140624,2022-01-22,375,138.22500000000002
477,MSFT220121C00085000,85.0,131.19,131.35,135.3,0.5986368261718751,2022-01-22,375,133.325
478,MSFT220121C00090000,90.0,132.72,127.95,128.8,0.4445856323242187,2022-01-22,375,128.375
479,MSFT220121C00095000,95.0,118.86,115.2,120.0,1.0000000000000003e-05,2022-01-22,375,117.6
480,MSFT220121C00100000,100.0,118.95,118.15,119.0,0.4165097412109374,2022-01-22,375,118.575
481,MSFT220121C00105000,105.0,110.62,112.55,115.25,0.4759573889160156,2022-01-22,375,113.9
482,MSFT220121C00110000,110.0,106.57,106.5,111.25,0.4952443054199219,2022-01-22,375,108.875
483,MSFT220121C00115000,115.0,103.85,103.7,104.5,0.3841614318847656,2022-01-22,375,104.1
484,MSFT220121C00120000,120.0,100.19,97.0,101.7,0.45868461242675784,2022-01-22,375,99.35
485,MSFT220121C00125000,125.0,94.55,94.3,95.0,0.3660952062988281,2022-01-22,375,94.65
486,MSFT220121C00130000,130.0,90.0,87.7,92.4,0.430242514038086,2022-01-22,375,90.05000000000001
487,MSFT220121C00135000,135.0,86.67,85.15,85.85,0.3561465753173828,2022-01-22,375,85.5
488,MSFT220121C00140000,140.0,81.0,80.65,81.35,0.35053139709472647,2022-01-22,375,81.0
489,MSFT220121C00145000,145.0,77.0,74.45,78.8,0.39325557922363286,2022-01-22,375,76.625
490,MSFT220121C00150000,150.0,71.7,72.0,72.65,0.34168138793945313,2022-01-22,375,72.325
491,MSFT220121C00155000,155.0,67.32,65.8,70.3,0.37720349365234374,2022-01-22,375,68.05
492,MSFT220121C00160000,160.0,64.54,63.65,64.35,0.3339300006103516,2022-01-22,375,64.0
493,MSFT220121C00165000,165.0,59.25,59.65,60.4,0.3309698251342773,2022-01-22,375,60.025
494,MSFT220121C00170000,170.0,56.5,55.8,56.5,0.32684999328613284,2022-01-22,375,56.15
495,MSFT220121C00175000,175.0,52.83,50.35,54.5,0.35098915618896476,2022-01-22,375,52.425
496,MSFT220121C00180000,180.0,48.75,48.55,49.05,0.3187629159545897,2022-01-22,375,48.8
497,MSFT220121C00185000,185.0,45.97,45.05,45.65,0.31677929321289056,2022-01-22,375,45.349999999999994
498,MSFT220121C00190000,190.0,42.11,41.75,42.35,0.3142311009216308,2022-01-22,375,42.05
499,MSFT220121C00195000,195.0,38.65,38.4,39.45,0.3150398086547851,2022-01-22,375,38.925
500,MSFT220121C00200000,200.0,36.0,35.55,36.0,0.3069832485961914,2022-01-22,375,35.775
501,MSFT220121C00205000,205.0,32.3,30.7,35.45,0.3325109474182129,2022-01-22,375,33.075
502,MSFT220121C00210000,210.0,30.52,28.15,32.35,0.32498843963623036,2022-01-22,375,30.25
503,MSFT220121C00215000,215.0,27.85,27.5,29.25,0.3161079132080078,2022-01-22,375,28.375
504,MSFT220121C00220000,220.0,25.48,25.0,26.7,0.31214066772460936,2022-01-22,375,25.85
505,MSFT220121C00225000,225.0,23.1,22.95,23.4,0.29813323944091785,2022-01-22,375,23.174999999999997
506,MSFT220121C00230000,230.0,21.22,20.95,21.3,0.29624116851806637,2022-01-22,375,21.125
507,MSFT220121C00235000,235.0,19.35,16.9,21.25,0.31606213729858396,2022-01-22,375,19.075
508,MSFT220121C00240000,240.0,17.55,17.25,19.45,0.3146736013793945,2022-01-22,375,18.35
509,MSFT220121C00245000,245.0,16.25,15.55,16.0,0.2927621994018553,2022-01-22,375,15.775
510,MSFT220121C00250000,250.0,14.3,14.05,14.5,0.2917856466674803,2022-01-22,375,14.275
511,MSFT220121C00255000,255.0,12.85,12.7,13.1,0.29062599029541014,2022-01-22,375,12.899999999999999
512,MSFT220121C00260000,260.0,11.5,11.5,11.8,0.28934426483154285,2022-01-22,375,11.65
513,MSFT220121C00265000,265.0,10.51,8.55,12.2,0.3084175604248046,2022-01-22,375,10.375
514,MSFT220121C00270000,270.0,9.57,9.35,9.6,0.287970987548828,2022-01-22,375,9.475
515,MSFT220121C00275000,275.0,8.25,7.55,8.6,0.2867502966308593,2022-01-22,375,8.075
516,MSFT220121C00280000,280.0,7.5,7.5,7.85,0.28789469436645493,2022-01-22,375,7.675
517,MSFT220121C00285000,285.0,7.15,4.75,7.1,0.28803202209472645,2022-01-22,375,5.925
518,MSFT220121C00290000,290.0,6.15,6.1,6.4,0.2878794357299803,2022-01-22,375,6.25
519,MSFT220121C00295000,295.0,5.5,5.5,5.75,0.28748271118164054,2022-01-22,375,5.625
520,MSFT220121C00300000,300.0,4.95,5.0,5.2,0.28778788391113275,2022-01-22,375,5.1
521,MSFT220121C00305000,305.0,4.7,4.5,4.7,0.2880930566406249,2022-01-22,375,4.6
522,MSFT220121C00310000,310.0,4.15,4.05,4.7,0.2971261694335937,2022-01-22,375,4.375
523,MSFT220121C00315000,315.0,3.8,3.65,3.9,0.2899851275634765,2022-01-22,375,3.775
524,MSFT220121C00320000,320.0,3.45,3.3,3.95,0.2993844476318359,2022-01-22,375,3.625
525,MSFT220121C00325000,325.0,3.35,2.74,5.5,0.3380803497314453,2022-01-22,375,4.12
526,MSFT220121C00330000,330.0,2.82,2.75,2.97,0.29315892395019527,2022-01-22,375,2.8600000000000003
527,MSFT220121C00335000,335.0,2.55,2.52,2.71,0.2940439248657226,2022-01-22,375,2.615
528,MSFT220318C00080000,80.0,136.35,136.5,140.1,0.5780071496582031,2022-03-19,431,138.3
529,MSFT220318C00085000,85.0,131.9,126.5,130.2,1.0000000000000003e-05,2022-03-19,431,128.35
530,MSFT220318C00090000,90.0,128.35,126.3,130.7,0.5495650512695314,2022-03-19,431,128.5
531,MSFT220318C00095000,95.0,118.32,124.4,125.4,0.5046436254882812,2022-03-19,431,124.9
532,MSFT220318C00100000,100.0,113.45,119.6,120.3,0.4721732470703125,2022-03-19,431,119.94999999999999
533,MSFT220318C00105000,105.0,111.3,116.0,120.5,0.5607343731689454,2022-03-19,431,118.25
534,MSFT220318C00110000,110.0,110.75,106.5,111.4,0.46771772521972654,2022-03-19,431,108.95
535,MSFT220318C00115000,115.0,101.51,98.5,102.65,1.0000000000000003e-05,2022-03-19,431,100.575
536,MSFT220318C00120000,120.0,103.19,99.0,100.2,0.3714662463378906,2022-03-19,431,99.6
537,MSFT220318C00125000,125.0,99.0,92.65,97.25,0.42090422851562503,2022-03-19,431,94.95
538,MSFT220318C00130000,130.0,88.5,84.45,88.2,1.0000000000000003e-05,2022-03-19,431,86.325
539,MSFT220318C00135000,135.0,85.2,83.6,88.35,0.402899037475586,2022-03-19,431,85.975
540,MSFT220318C00140000,140.0,79.5,81.05,82.2,0.35053139709472647,2022-03-19,431,81.625
541,MSFT220318C00145000,145.0,82.8,76.8,77.75,0.3425358715820312,2022-03-19,431,77.275
542,MSFT220318C00150000,150.0,72.75,72.55,73.5,0.33780569427490237,2022-03-19,431,73.025
543,MSFT220318C00155000,155.0,74.0,63.5,66.55,0.2722240747070312,2022-03-19,431,65.025
544,MSFT220318C00160000,160.0,64.98,64.4,65.55,0.33374689697265625,2022-03-19,431,64.975
545,MSFT220318C00165000,165.0,59.0,58.55,63.45,0.3594424407958984,2022-03-19,431,61.0
546,MSFT220318C00170000,170.0,57.12,56.9,57.9,0.3270330969238281,2022-03-19,431,57.4
547,MSFT220318C00175000,175.0,55.67,53.15,54.25,0.32379826599121087,2022-03-19,431,53.7
548,MSFT220318C00180000,180.0,50.0,49.8,50.55,0.3182441223144531,2022-03-19,431,50.175
549,MSFT220318C00185000,185.0,48.75,46.4,47.25,0.3165656723022461,2022-03-19,431,46.825
550,MSFT220318C00190000,190.0,47.05,43.25,44.05,0.3144294631958008,2022-03-19,431,43.65
551,MSFT220318C00195000,195.0,42.0,40.0,41.05,0.31308670318603515,2022-03-19,431,40.525
552,MSFT220318C00200000,200.0,37.75,37.1,38.1,0.31070635589599604,2022-03-19,431,37.6
553,MSFT220318C00205000,205.0,34.55,34.3,35.2,0.3073799731445312,2022-03-19,431,34.75
554,MSFT220318C00210000,210.0,32.25,31.85,32.55,0.30536583312988286,2022-03-19,431,32.2
555,MSFT220318C00215000,215.0,29.4,29.2,30.2,0.3051522122192383,2022-03-19,431,29.7
556,MSFT220318C00220000,220.0,27.2,25.3,27.4,0.2986520330810546,2022-03-19,431,26.35
557,MSFT220318C00225000,225.0,25.05,24.65,25.5,0.3003457417297363,2022-03-19,431,25.075
558,MSFT220318C00230000,230.0,23.1,22.6,23.55,0.30011686218261713,2022-03-19,431,23.075000000000003
559,MSFT220318C00235000,235.0,21.5,20.8,21.5,0.2974923767089843,2022-03-19,431,21.15
560,MSFT220318C00240000,240.0,19.35,17.1,21.65,0.3169623968505859,2022-03-19,431,19.375
561,MSFT220318C00245000,245.0,16.0,15.55,20.0,0.3162299822998046,2022-03-19,431,17.775
562,MSFT220318C00250000,250.0,16.45,15.85,16.5,0.29422702850341786,2022-03-19,431,16.175
563,MSFT220318C00255000,255.0,13.35,12.25,16.9,0.3135292036437988,2022-03-19,431,14.575
564,MSFT220318C00260000,260.0,13.36,11.05,15.85,0.3161079132080078,2022-03-19,431,13.45
565,MSFT220318C00265000,265.0,12.7,11.95,12.5,0.29123633575439445,2022-03-19,431,12.225
566,MSFT220318C00270000,270.0,11.2,10.75,11.5,0.29193823303222644,2022-03-19,431,11.125
567,MSFT220318C00275000,275.0,10.53,8.1,12.4,0.31482618774414056,2022-03-19,431,10.25
568,MSFT220318C00280000,280.0,9.65,7.25,11.25,0.3124458404541015,2022-03-19,431,9.25
569,MSFT220318C00285000,285.0,8.7,8.0,8.7,0.2906870248413085,2022-03-19,431,8.35
570,MSFT220318C00290000,290.0,7.84,7.25,7.95,0.29077857666015616,2022-03-19,431,7.6
571,MSFT220318C00300000,300.0,6.41,6.05,6.55,0.2898020239257812,2022-03-19,431,6.3
572,MSFT220318C00305000,305.0,5.85,5.5,6.0,0.2902903002929687,2022-03-19,431,5.75
573,MSFT220318C00310000,310.0,5.3,4.95,5.55,0.29169409484863273,2022-03-19,431,5.25
574,MSFT220318C00315000,315.0,5.1,4.6,5.1,0.29242650939941395,2022-03-19,431,4.85
575,MSFT220318C00320000,320.0,4.5,4.1,4.65,0.2924875439453124,2022-03-19,431,4.375
576,MSFT220318C00330000,330.0,3.7,3.5,3.9,0.2933420275878905,2022-03-19,431,3.7
577,MSFT220318C00335000,335.0,3.5,3.15,3.65,0.2954172021484375,2022-03-19,431,3.4
578,MSFT220617C00080000,80.0,136.3,135.8,140.45,0.5451705639648439,2022-06-18,522,138.125
579,MSFT220617C00085000,85.0,104.29,0.0,0.0,1.0000000000000003e-05,2022-06-18,522,0.0
580,MSFT220617C00090000,90.0,128.32,127.65,129.25,0.41602146484374997,2022-06-18,522,128.45
581,MSFT220617C00095000,95.0,113.35,106.0,111.0,1.0000000000000003e-05,2022-06-18,522,108.5
582,MSFT220617C00100000,100.0,124.55,118.1,119.4,0.3809876354980468,2022-06-18,522,118.75
583,MSFT220617C00105000,105.0,109.97,116.0,120.5,0.5095263891601562,2022-06-18,522,118.25
584,MSFT220617C00110000,110.0,103.0,97.65,100.8,1.0000000000000003e-05,2022-06-18,522,99.225
585,MSFT220617C00115000,115.0,103.0,102.05,107.0,0.4208431939697266,2022-06-18,522,104.525
586,MSFT220617C00120000,120.0,105.8,99.4,100.65,0.354376573486328,2022-06-18,522,100.025
587,MSFT220617C00125000,125.0,100.55,94.9,96.2,0.351996226196289,2022-06-18,522,95.55000000000001
588,MSFT220617C00130000,130.0,92.6,90.45,91.7,0.3460148406982422,2022-06-18,522,91.075
589,MSFT220617C00135000,135.0,86.75,86.1,87.4,0.34363449340820307,2022-06-18,522,86.75
590,MSFT220617C00140000,140.0,82.52,80.0,84.8,0.37500625,2022-06-18,522,82.4
591,MSFT220617C00145000,145.0,82.57,75.8,80.4,0.3644472735595704,2022-06-18,522,78.1
592,MSFT220617C00150000,150.0,73.69,73.4,74.85,0.33267879241943366,2022-06-18,522,74.125
593,MSFT220617C00155000,155.0,66.52,69.65,71.0,0.33170223968505863,2022-06-18,522,70.325
594,MSFT220617C00160000,160.0,67.0,65.6,67.25,0.3303899969482421,2022-06-18,522,66.425
595,MSFT220617C00165000,165.0,64.35,62.05,63.3,0.3244391287231445,2022-06-18,522,62.675
596,MSFT220617C00170000,170.0,59.3,58.25,59.9,0.3248968878173828,2022-06-18,522,59.075
597,MSFT220617C00175000,175.0,56.72,54.95,56.2,0.3197089514160155,2022-06-18,522,55.575
598,MSFT220617C00180000,180.0,52.0,51.65,52.8,0.31702343139648437,2022-06-18,522,52.224999999999994
599,MSFT220617C00185000,185.0,47.55,48.2,49.8,0.3176642941284179,2022-06-18,522,49.0
600,MSFT220617C00190000,190.0,46.01,45.15,46.5,0.31333084136962885,2022-06-18,522,45.825
601,MSFT220617C00195000,195.0,43.35,42.35,43.55,0.3116218740844726,2022-06-18,522,42.95
602,MSFT220617C00200000,200.0,40.46,39.55,40.7,0.30965350997924806,2022-06-18,522,40.125
603,MSFT220617C00205000,205.0,37.25,36.9,38.0,0.3079445426940917,2022-06-18,522,37.45
604,MSFT220617C00210000,210.0,34.41,32.65,36.7,0.31900705413818353,2022-06-18,522,34.675
605,MSFT220617C00215000,215.0,32.5,31.85,33.0,0.3048165222167969,2022-06-18,522,32.425
606,MSFT220617C00220000,220.0,30.4,29.6,30.7,0.3034127276611328,2022-06-18,522,30.15
607,MSFT220617C00225000,225.0,27.8,27.45,28.5,0.3018410881042481,2022-06-18,522,27.975
608,MSFT220617C00230000,230.0,25.77,23.55,28.3,0.31833567413330077,2022-06-18,522,25.925
609,MSFT220617C00235000,235.0,23.1,23.55,24.45,0.29869780899047843,2022-06-18,522,24.0
610,MSFT220617C00240000,240.0,22.7,21.5,22.9,0.3001016035461425,2022-06-18,522,22.2
611,MSFT220617C00245000,245.0,18.75,20.05,20.95,0.296607375793457,2022-06-18,522,20.5
612,MSFT220617C00250000,250.0,19.15,16.5,21.3,0.3145515322875976,2022-06-18,522,18.9
613,MSFT220617C00255000,255.0,16.0,16.8,18.15,0.297385566253662,2022-06-18,522,17.475
614,MSFT220617C00260000,260.0,15.95,15.6,16.55,0.2943643562316894,2022-06-18,522,16.075
615,MSFT220617C00265000,265.0,13.55,14.15,15.45,0.29549349533081054,2022-06-18,522,14.8
616,MSFT220617C00270000,270.0,13.47,13.25,15.8,0.3109199768066406,2022-06-18,522,14.525
617,MSFT220617C00275000,275.0,11.45,12.1,13.0,0.2926096130371093,2022-06-18,522,12.55
618,MSFT220617C00280000,280.0,11.45,11.1,12.15,0.29398289031982416,2022-06-18,522,11.625
619,MSFT220617C00285000,285.0,10.65,10.2,12.9,0.3125373922729492,2022-06-18,522,11.55
620,MSFT220617C00290000,290.0,9.79,9.4,10.15,0.2910532321166991,2022-06-18,522,9.775
621,MSFT220617C00300000,300.0,8.39,6.2,10.5,0.31366653137207035,2022-06-18,522,8.35
622,MSFT220617C00305000,305.0,7.75,7.05,8.15,0.29315892395019527,2022-06-18,522,7.6
623,MSFT220617C00310000,310.0,8.73,6.65,7.55,0.2934640966796874,2022-06-18,522,7.1
624,MSFT220617C00320000,320.0,5.9,5.3,8.3,0.3193427441406249,2022-06-18,522,6.800000000000001
625,MSFT220617C00325000,325.0,5.25,5.15,5.95,0.29358616577148433,2022-06-18,522,5.550000000000001
626,MSFT220617C00330000,330.0,5.3,4.85,5.45,0.29291478576660146,2022-06-18,522,5.15
627,MSFT220617C00335000,335.0,4.92,4.25,5.2,0.29575289215087885,2022-06-18,522,4.725
628,MSFT220916C00080000,80.0,138.35,137.65,139.0,0.4096738720703125,2022-09-17,613,138.325
629,MSFT220916C00085000,85.0,133.35,132.55,134.25,0.4063780065917969,2022-09-17,613,133.4
630,MSFT220916C00090000,90.0,128.7,127.85,129.2,0.3803772900390625,2022-09-17,613,128.52499999999998
631,MSFT220916C00095000,95.0,125.43,121.2,125.95,0.4459283923339844,2022-09-17,613,123.575
632,MSFT220916C00100000,100.0,118.35,118.1,119.8,0.37293107543945314,2022-09-17,613,118.94999999999999
633,MSFT220916C00105000,105.0,115.12,113.35,115.05,0.36365382446289063,2022-09-17,613,114.19999999999999
634,MSFT220916C00110000,110.0,109.25,107.05,111.9,0.40759869750976563,2022-09-17,613,109.475
635,MSFT220916C00115000,115.0,111.95,104.3,105.65,0.3464420825195312,2022-09-17,613,104.975
636,MSFT220916C00120000,120.0,99.8,99.65,101.35,0.34870036071777344,2022-09-17,613,100.5
637,MSFT220916C00125000,125.0,99.77,95.4,96.7,0.3386296606445312,2022-09-17,613,96.05000000000001
638,MSFT220916C00130000,130.0,97.6,90.9,92.4,0.3365239688110352,2022-09-17,613,91.65
639,MSFT220916C00135000,135.0,87.1,86.6,88.35,0.3378362115478516,2022-09-17,613,87.475
640,MSFT220916C00140000,140.0,85.0,82.5,84.2,0.3347844842529296,2022-09-17,613,83.35
641,MSFT220916C00145000,145.0,78.3,78.4,80.15,0.33197689514160156,2022-09-17,613,79.275
642,MSFT220916C00150000,150.0,75.5,73.05,77.7,0.35278967529296873,2022-09-17,613,75.375
643,MSFT220916C00155000,155.0,71.1,70.9,72.15,0.3236151623535155,2022-09-17,613,71.525
644,MSFT220916C00160000,160.0,68.25,67.1,68.45,0.3218451605224609,2022-09-17,613,67.775
645,MSFT220916C00165000,165.0,64.0,63.3,65.05,0.3225470578002929,2022-09-17,613,64.175
646,MSFT220916C00170000,170.0,60.35,59.85,61.0,0.31354446228027344,2022-09-17,613,60.425
647,MSFT220916C00175000,175.0,57.55,56.75,58.0,0.3162299822998046,2022-09-17,613,57.375
648,MSFT220916C00180000,180.0,55.35,53.25,54.75,0.3144294631958008,2022-09-17,613,54.0
649,MSFT220916C00185000,185.0,51.0,50.1,51.65,0.31296463409423825,2022-09-17,613,50.875
650,MSFT220916C00190000,190.0,47.0,47.15,48.65,0.31131670135498035,2022-09-17,613,47.9
651,MSFT220916C00195000,195.0,45.28,44.5,45.75,0.3094856649780273,2022-09-17,613,45.125
652,MSFT220916C00200000,200.0,42.4,41.6,43.25,0.3104164418029785,2022-09-17,613,42.425
653,MSFT220916C00205000,205.0,39.85,38.95,40.4,0.3068306622314453,2022-09-17,613,39.675
654,MSFT220916C00210000,210.0,37.24,34.75,38.45,0.31058428680419914,2022-09-17,613,36.6
655,MSFT220916C00215000,215.0,34.9,34.3,35.65,0.3053963504028321,2022-09-17,613,34.974999999999994
656,MSFT220916C00220000,220.0,32.56,32.05,33.15,0.3020241917419434,2022-09-17,613,32.599999999999994
657,MSFT220916C00225000,225.0,30.55,29.65,31.3,0.3035042794799804,2022-09-17,613,30.475
658,MSFT220916C00230000,230.0,28.5,27.75,29.0,0.29999479309082033,2022-09-17,613,28.375
659,MSFT220916C00235000,235.0,27.35,25.7,27.3,0.3009103112792969,2022-09-17,613,26.5
660,MSFT220916C00240000,240.0,25.5,24.1,25.5,0.30002531036376956,2022-09-17,613,24.8
661,MSFT220916C00245000,245.0,21.8,20.6,25.35,0.31296463409423825,2022-09-17,613,22.975
662,MSFT220916C00250000,250.0,22.2,19.35,23.75,0.3122474781799316,2022-09-17,613,21.55
663,MSFT220916C00255000,255.0,19.2,19.35,20.45,0.29540194351196286,2022-09-17,613,19.9
664,MSFT220916C00260000,260.0,18.94,17.95,19.0,0.29431858032226554,2022-09-17,613,18.475
665,MSFT220916C00265000,265.0,17.46,16.65,17.7,0.29386082122802726,2022-09-17,613,17.174999999999997
666,MSFT220916C00270000,270.0,16.33,15.4,16.45,0.29311314804077143,2022-09-17,613,15.925
667,MSFT220916C00280000,280.0,13.5,13.1,14.35,0.29335728622436513,2022-09-17,613,13.725
668,MSFT220916C00285000,285.0,13.03,12.25,13.4,0.29349461395263665,2022-09-17,613,12.825
669,MSFT220916C00290000,290.0,12.1,11.15,12.3,0.2914346980285643,2022-09-17,613,11.725000000000001
670,MSFT220916C00300000,300.0,10.2,9.7,10.65,0.29111426666259754,2022-09-17,613,10.175
671,MSFT220916C00310000,310.0,8.85,8.15,9.4,0.29300633758544914,2022-09-17,613,8.775
672,MSFT220916C00320000,320.0,7.4,7.1,8.15,0.29288426849365223,2022-09-17,613,7.625
673,MSFT220916C00330000,330.0,6.76,6.15,7.15,0.2939218557739257,2022-09-17,613,6.65
674,MSFT220916C00335000,335.0,7.4,5.35,8.55,0.3185798123168945,2022-09-17,613,6.95
675,MSFT220916C00340000,340.0,5.8,5.55,8.1,0.3194342959594726,2022-09-17,613,6.824999999999999
676,MSFT230120C00105000,105.0,114.16,113.65,115.5,0.348090015258789,2023-01-21,739,114.575
677,MSFT230120C00110000,110.0,106.4,109.1,110.95,0.3435734588623046,2023-01-21,739,110.025
678,MSFT230120C00115000,115.0,102.5,104.65,106.5,0.3403386279296875,2023-01-21,739,105.575
679,MSFT230120C00120000,120.0,100.5,100.25,102.1,0.33667655517578127,2023-01-21,739,101.175
680,MSFT230120C00125000,125.0,93.54,96.15,97.55,0.32819275329589837,2023-01-21,739,96.85
681,MSFT230120C00130000,130.0,88.2,92.0,93.65,0.3321599987792969,2023-01-21,739,92.825
682,MSFT230120C00135000,135.0,87.35,87.65,89.55,0.3297796514892578,2023-01-21,739,88.6
683,MSFT230120C00140000,140.0,84.5,82.1,86.95,0.34976846527099603,2023-01-21,739,84.525
684,MSFT230120C00145000,145.0,80.35,80.0,81.4,0.321723091430664,2023-01-21,739,80.7
685,MSFT230120C00150000,150.0,77.0,75.95,77.9,0.324103438720703,2023-01-21,739,76.92500000000001
686,MSFT230120C00155000,155.0,71.48,71.3,75.35,0.3367681069946289,2023-01-21,739,73.32499999999999
687,MSFT230120C00160000,160.0,69.5,68.75,70.65,0.32047188323974607,2023-01-21,739,69.7
688,MSFT230120C00165000,165.0,65.0,65.5,66.95,0.3159858441162109,2023-01-21,739,66.225
689,MSFT230120C00170000,170.0,63.5,62.0,63.9,0.31771007003784174,2023-01-21,739,62.95
690,MSFT230120C00175000,175.0,60.0,58.75,60.65,0.3159095509338378,2023-01-21,739,59.7
691,MSFT230120C00180000,180.0,56.5,55.65,57.55,0.3145515322875976,2023-01-21,739,56.599999999999994
692,MSFT230120C00185000,185.0,50.95,52.65,54.55,0.31308670318603515,2023-01-21,739,53.599999999999994
693,MSFT230120C00190000,190.0,51.3,50.0,51.4,0.3092110095214844,2023-01-21,739,50.7
694,MSFT230120C00195000,195.0,47.89,47.2,48.6,0.3076698872375488,2023-01-21,739,47.900000000000006
695,MSFT230120C00200000,200.0,45.6,44.35,46.9,0.31487196365356435,2023-01-21,739,45.625
696,MSFT230120C00205000,205.0,43.2,41.8,43.65,0.307425749053955,2023-01-21,739,42.724999999999994
697,MSFT230120C00210000,210.0,40.58,39.4,40.95,0.3039925558471679,2023-01-21,739,40.175
698,MSFT230120C00215000,215.0,37.83,37.15,38.5,0.3018410881042481,2023-01-21,739,37.825
699,MSFT230120C00220000,220.0,35.55,35.05,36.65,0.30380945220947264,2023-01-21,739,35.849999999999994
700,MSFT230120C00225000,225.0,34.85,32.7,34.5,0.302466692199707,2023-01-21,739,33.6
701,MSFT230120C00230000,230.0,31.85,29.55,33.9,0.3129188581848144,2023-01-21,739,31.725
702,MSFT230120C00235000,235.0,29.6,29.0,30.3,0.298285825805664,2023-01-21,739,29.65
703,MSFT230120C00240000,240.0,29.0,27.0,28.75,0.2995065167236328,2023-01-21,739,27.875
704,MSFT230120C00245000,245.0,26.1,24.05,28.35,0.30930256134033207,2023-01-21,739,26.200000000000003
705,MSFT230120C00250000,250.0,24.8,23.9,25.15,0.2957834094238281,2023-01-21,739,24.525
706,MSFT230120C00255000,255.0,23.65,22.4,23.6,0.29492892578124996,2023-01-21,739,23.0
707,MSFT230120C00260000,260.0,21.6,20.9,22.15,0.29422702850341786,2023-01-21,739,21.525
708,MSFT230120C00270000,270.0,19.46,18.5,19.45,0.2925790957641601,2023-01-21,739,18.975
709,MSFT230120C00280000,280.0,16.6,16.0,17.15,0.29195349166870105,2023-01-21,739,16.575
710,MSFT230120C00290000,290.0,14.65,13.95,14.85,0.2890390921020507,2023-01-21,739,14.399999999999999
711,MSFT230120C00300000,300.0,12.8,12.2,13.0,0.28801676345825183,2023-01-21,739,12.6
712,MSFT230120C00310000,310.0,11.2,10.65,11.65,0.2898783171081542,2023-01-21,739,11.15
713,MSFT230120C00315000,315.0,10.87,9.95,10.95,0.28992409301757804,2023-01-21,739,10.45
714,MSFT230120C00320000,320.0,9.7,8.6,11.0,0.29730927307128896,2023-01-21,739,9.8
715,MSFT230120C00325000,325.0,9.55,9.0,9.85,0.2919077157592772,2023-01-21,739,9.425
716,MSFT230120C00330000,330.0,9.05,8.25,9.3,0.2923654748535155,2023-01-21,739,8.775
717,MSFT230120C00335000,335.0,8.2,8.0,8.2,0.2861552098083496,2023-01-21,739,8.1
718,MSFT230317C00110000,110.0,112.0,108.05,113.0,0.38519901916503896,2023-03-18,795,110.525
719,MSFT230317C00115000,115.0,106.5,103.6,108.5,0.3756165954589844,2023-03-18,795,106.05
720,MSFT230317C00120000,120.0,97.5,99.55,103.8,0.3616091671752929,2023-03-18,795,101.675
721,MSFT230317C00145000,145.0,81.0,79.05,83.95,0.34598432342529295,2023-03-18,795,81.5
722,MSFT230317C00150000,150.0,75.0,75.8,78.95,0.32636171691894533,2023-03-18,795,77.375
723,MSFT230317C00160000,160.0,66.15,68.8,73.5,0.34183397430419915,2023-03-18,795,71.15
724,MSFT230317C00165000,165.0,70.4,65.05,70.0,0.33804983245849607,2023-03-18,795,67.525
725,MSFT230317C00170000,170.0,63.85,62.15,67.0,0.3385838847351074,2023-03-18,795,64.575
726,MSFT230317C00175000,175.0,62.85,58.55,63.45,0.3324956887817383,2023-03-18,795,61.0
727,MSFT230317C00185000,185.0,55.97,52.8,57.5,0.32912353012084955,2023-03-18,795,55.15
728,MSFT230317C00190000,190.0,49.5,50.25,55.0,0.3303594796752929,2023-03-18,795,52.625
729,MSFT230317C00200000,200.0,48.95,44.7,49.45,0.3252478364562988,2023-03-18,795,47.075
730,MSFT230317C00205000,205.0,43.0,42.1,46.2,0.31760325958251956,2023-03-18,795,44.150000000000006
731,MSFT230317C00210000,210.0,41.8,39.7,44.35,0.3208533491516113,2023-03-18,795,42.025000000000006
732,MSFT230317C00215000,215.0,39.83,39.5,42.65,0.3244086114501953,2023-03-18,795,41.075
733,MSFT230317C00220000,220.0,37.63,35.15,39.9,0.3187629159545897,2023-03-18,795,37.525
734,MSFT230317C00225000,225.0,35.24,33.1,37.9,0.3184119673156737,2023-03-18,795,35.5
735,MSFT230317C00230000,230.0,32.9,31.2,35.85,0.3169623968505859,2023-03-18,795,33.525
736,MSFT230317C00235000,235.0,31.7,29.0,34.0,0.31641308593749995,2023-03-18,795,31.5
737,MSFT230317C00245000,245.0,27.8,25.5,30.35,0.31378860046386714,2023-03-18,795,27.925
738,MSFT230317C00250000,250.0,26.05,23.5,28.3,0.3097908377075196,2023-03-18,795,25.9
739,MSFT230317C00260000,260.0,24.65,21.0,25.8,0.3125221336364746,2023-03-18,795,23.4
740,MSFT230317C00280000,280.0,18.07,16.0,20.85,0.3120948918151855,2023-03-18,795,18.425
741,MSFT230317C00285000,285.0,16.26,14.5,19.35,0.30857014678955075,2023-03-18,795,16.925
742,MSFT230317C00300000,300.0,15.0,12.0,16.95,0.3127510131835937,2023-03-18,795,14.475
743,MSFT230317C00315000,315.0,11.42,9.65,14.4,0.31211015045166013,2023-03-18,795,12.025
744,MSFT230317C00320000,320.0,11.1,8.7,13.35,0.3092415267944336,2023-03-18,795,11.024999999999999
